{
    "bindings": [
        {
            "font": "{8a775895-36a2-455e-95e0-6dfe66272424}",
            "language": "{fcfe3ff4-f230-448f-9078-4599da2911d5}",
            "string": "{05bfaa65-a736-4eb5-9854-239691ee74a9}"
        },
        {
            "font": "{8a775895-36a2-455e-95e0-6dfe66272424}",
            "language": "{fcfe3ff4-f230-448f-9078-4599da2911d5}",
            "string": "{3f0c334f-ade6-423a-9375-d7de3816e84d}"
        },
        {
            "font": "{c87374c2-85c7-4960-88b2-51a23a8f2fde}",
            "language": "{fcfe3ff4-f230-448f-9078-4599da2911d5}",
            "string": "{23995dfe-c200-4c80-9695-e3dccd293b04}"
        },
        {
            "font": "{c87374c2-85c7-4960-88b2-51a23a8f2fde}",
            "language": "{fcfe3ff4-f230-448f-9078-4599da2911d5}",
            "string": "{a08fec27-80be-4b2e-b9f3-09aa3309e89f}"
        },
        {
            "font": "{8a775895-36a2-455e-95e0-6dfe66272424}",
            "language": "{fcfe3ff4-f230-448f-9078-4599da2911d5}",
            "string": "{c468212e-52e2-455e-becc-500e66df2f83}"
        }
    ],
    "defaultLanguage": "{fcfe3ff4-f230-448f-9078-4599da2911d5}",
    "encoding": "UTF8",
    "languages": [
        {
            "properties": {
                "__categories": [
                ],
                "__groups": [
                ],
                "enabled": {
                    "enabled": true,
                    "type": "boolean",
                    "value": true,
                    "visible": true
                },
                "id": {
                    "enabled": true,
                    "type": "uuid",
                    "value": "{fcfe3ff4-f230-448f-9078-4599da2911d5}",
                    "visible": true
                },
                "name": {
                    "enabled": true,
                    "type": "text",
                    "value": "English",
                    "visible": true
                }
            }
        }
    ],
    "paths": [
    ],
    "strings": [
        {
            "properties": {
                "__categories": [
                ],
                "__groups": [
                ],
                "description": {
                    "enabled": true,
                    "type": "text",
                    "value": "",
                    "visible": true
                },
                "id": {
                    "enabled": true,
                    "type": "uuid",
                    "value": "{05bfaa65-a736-4eb5-9854-239691ee74a9}",
                    "visible": true
                },
                "name": {
                    "enabled": true,
                    "type": "text",
                    "value": "ret",
                    "visible": true
                },
                "path": {
                    "enabled": true,
                    "type": "text",
                    "value": "/",
                    "visible": true
                }
            },
            "values": [
                {
                    "language": "{fcfe3ff4-f230-448f-9078-4599da2911d5}",
                    "value": "返回"
                }
            ]
        },
        {
            "properties": {
                "__categories": [
                ],
                "__groups": [
                ],
                "description": {
                    "enabled": true,
                    "type": "text",
                    "value": "",
                    "visible": true
                },
                "id": {
                    "enabled": true,
                    "type": "uuid",
                    "value": "{23995dfe-c200-4c80-9695-e3dccd293b04}",
                    "visible": true
                },
                "name": {
                    "enabled": true,
                    "type": "text",
                    "value": "set",
                    "visible": true
                },
                "path": {
                    "enabled": true,
                    "type": "text",
                    "value": "/",
                    "visible": true
                }
            },
            "values": [
                {
                    "language": "{fcfe3ff4-f230-448f-9078-4599da2911d5}",
                    "value": "Settings"
                }
            ]
        },
        {
            "properties": {
                "__categories": [
                ],
                "__groups": [
                ],
                "description": {
                    "enabled": true,
                    "type": "text",
                    "value": "",
                    "visible": true
                },
                "id": {
                    "enabled": true,
                    "type": "uuid",
                    "value": "{3f0c334f-ade6-423a-9375-d7de3816e84d}",
                    "visible": true
                },
                "name": {
                    "enabled": true,
                    "type": "text",
                    "value": "sc",
                    "visible": true
                },
                "path": {
                    "enabled": true,
                    "type": "text",
                    "value": "/",
                    "visible": true
                }
            },
            "values": [
                {
                    "language": "{fcfe3ff4-f230-448f-9078-4599da2911d5}",
                    "value": "你好摩根"
                }
            ]
        },
        {
            "properties": {
                "__categories": [
                ],
                "__groups": [
                ],
                "description": {
                    "enabled": true,
                    "type": "text",
                    "value": "",
                    "visible": true
                },
                "id": {
                    "enabled": true,
                    "type": "uuid",
                    "value": "{a08fec27-80be-4b2e-b9f3-09aa3309e89f}",
                    "visible": true
                },
                "name": {
                    "enabled": true,
                    "type": "text",
                    "value": "Hello",
                    "visible": true
                },
                "path": {
                    "enabled": true,
                    "type": "text",
                    "value": "/",
                    "visible": true
                }
            },
            "values": [
                {
                    "language": "{fcfe3ff4-f230-448f-9078-4599da2911d5}",
                    "value": "Hello Moorgen"
                }
            ]
        },
        {
            "properties": {
                "__categories": [
                ],
                "__groups": [
                ],
                "description": {
                    "enabled": true,
                    "type": "text",
                    "value": "",
                    "visible": true
                },
                "id": {
                    "enabled": true,
                    "type": "uuid",
                    "value": "{c468212e-52e2-455e-becc-500e66df2f83}",
                    "visible": true
                },
                "name": {
                    "enabled": true,
                    "type": "text",
                    "value": "Shezhi",
                    "visible": true
                },
                "path": {
                    "enabled": true,
                    "type": "text",
                    "value": "/",
                    "visible": true
                }
            },
            "values": [
                {
                    "language": "{fcfe3ff4-f230-448f-9078-4599da2911d5}",
                    "value": "系统设置"
                }
            ]
        }
    ]
}
