{
    "images": [
        {
            "id": "{c18c6618-7d87-464e-aa51-426af071f96d}",
            "name": "mchp_circle",
            "type": "RGB"
        },
        {
            "id": "{44319968-5e86-44ec-bad9-0889af4299be}",
            "name": "bg240",
            "type": "RGB"
        },
        {
            "id": "{89a11ef5-af83-4260-bad6-e6a9c3487e90}",
            "name": "bulb_m",
            "type": "RGB"
        },
        {
            "id": "{aecba90b-c6f1-4dd2-aa46-ea90f017ec11}",
            "name": "clock_m",
            "type": "RGB"
        },
        {
            "id": "{e9117c6a-d615-4507-bd58-2debbc723c71}",
            "name": "fan_m",
            "type": "RGB"
        },
        {
            "id": "{9321cb4b-3cc8-4ed1-92d0-f7811e3b1055}",
            "name": "gear_m",
            "type": "RGB"
        },
        {
            "id": "{6f655545-97d3-4c31-8d4a-65d872fd7c8b}",
            "name": "home_m",
            "type": "RGB"
        },
        {
            "id": "{717eebeb-3223-4cde-98b5-84d98d995ff7}",
            "name": "leaf_m",
            "type": "RGB"
        },
        {
            "id": "{d762299c-8021-42aa-8ae5-0835054cfecb}",
            "name": "sound_m",
            "type": "RGB"
        },
        {
            "id": "{667dec7d-8d04-4db1-8348-ce39579add0c}",
            "name": "thermo_m",
            "type": "RGB"
        }
    ],
    "paths": [
    ]
}
